ID,Fallow_yr1,Fallow_yr2,Fallow_yr3,wealth,hheducation,adults,ethnicity,hhgender
EB047,Yes,Yes,Yes,4.015,primary1,4,Other,Male
EB036,Yes,No,No,2.07,primary2,5,Other,Male
EB060,No,No,No,0.79,none,2,Other,Male
EB059,No,No,No,0.36,none,3,Other,Female
EB059,No,No,No,0.36,none,3,Other,Female
EB058,No,No,No,2.95,secondary,2,Other,Male
EB056,No,No,Yes,3.515,none,3,Other,Female
EB055,No,No,No,4.55,secondary,2,Other,Male
EB054,No,No,No,3.15,none,6+,Other,Female
EB053,No,No,No,3.43,primary2,4,Other,Male
EB052,Yes,Yes,No,4.07,primary2,4,Other,Female
EB051,No,No,No,1.35,primary1,6+,Other,Male
EB067,No,No,No,0.75,primary1,2,Other,Male
EB048,No,No,Yes,1.24,none,4,Other,Male
EB068,No,No,No,2.36,none,2,Other,Female
EB046,No,No,No,0.83,primary2,2,Other,Male
EB045,No,No,No,0.555,primary2,3,Other,Male
EB044,No,No,No,2.56,primary1,2,Other,Male
EB043,No,No,No,3.83,primary2,2,Other,Female
EB042,Yes,No,No,3.715,primary1,6+,Other,Male
EB041,Yes,No,Yes,2.11,primary1,4,Other,Male
EB040,Yes,No,No,4.19,primary2,4,Other,Female
EB039,Yes,No,No,1.28,primary2,3,Other,Male
EB038,No,No,No,3.19,primary2,2,Other,Male
EB037,Yes,No,No,4.61,secondary,2,Other,Female
EB049,No,No,No,4.85,secondary,2,Other,Male
EB080,No,No,No,2.83,primary2,1,Other,Male
EB159,No,No,No,3.19,primary2,1,Other,Male
EB158,No,Yes,No,2.79,none,2,Other,Male
EB157,No,No,Yes,3.55,secondary,2,Other,Male
EB156,No,Yes,No,2.95,secondary,2,Other,Male
EB155,No,Yes,No,0.75,primary1,2,Other,Male
EB152,No,No,No,1.644,none,2,Other,Male
EB151,No,No,No,1.668,primary2,1,Other,Male
EB150,No,Yes,Yes,0.83,primary2,2,Other,Male
EB085,No,No,No,2.2,primary1,2,Other,Male
EB063,No,No,No,1.19,secondary,2,Other,Male
EB082,No,No,No,2.95,secondary,2,Other,Male
EB062,No,Yes,Yes,0.79,none,2,Other,Male
EB079,No,No,No,0.875,none,2,Other,Male
EB078,No,No,No,2.95,secondary,2,Other,Male
EB077,No,No,No,3.31,secondary,2,Other,Male
EB076,No,No,Yes,1.19,secondary,1,Other,Male
EB075,No,No,No,0.44,primary1,1,Other,Female
EB073,No,No,No,3.07,primary2,2,Other,Male
EB072,No,No,No,2.83,primary2,1,Other,Male
EB071,No,No,Yes,2.635,none,1,Other,Female
EB070,No,Yes,No,2.28,primary2,1,Other,Male
EB069,No,No,No,0.795,primary2,1,Other,Male
EB084,No,No,No,0.83,primary2,2,Other,Male
EB023,Yes,No,Yes,1,none,4,Other,Female
EB035,Yes,No,No,4.11,primary1,5,Other,Male
EB016,No,Yes,No,1.475,primary1,2,Other,Male
EB017,Yes,Yes,Yes,4.028,primary1,6+,Other,Male
EB018,Yes,Yes,Yes,4.43,primary2,5,Other,Male
EB019,Yes,Yes,Yes,2.83,primary2,1,Other,Male
EB020,Yes,No,Yes,3.527,primary1,6+,Other,Male
EB013,Yes,No,No,0.293,none,5,Other,Male
EB022,No,No,No,4.15,none,6+,Other,Male
EB012,Yes,Yes,No,0.475,primary1,3,Other,Male
EB024,Yes,Yes,No,3.28,primary2,2,Other,Male
EB025,No,No,No,1,none,2,Other,Female
EB026,Yes,No,No,3.99,primary1,5,Other,Male
EB032,Yes,No,No,3.83,primary2,1,Other,Female
EB033,No,No,Yes,3.63,primary1,4,Other,Male
EB034,Yes,Yes,No,4.07,primary2,4,Other,Female
EB021,Yes,No,No,4.93,primary2,2,Other,Male
EB005,Yes,No,Yes,1.675,secondary,2,Other,Male
EB066,No,Yes,No,3.07,primary2,2,Other,Male
EB028,Yes,Yes,No,4.492,primary2,5,Other,Male
EB030,No,No,Yes,3.24,none,2,Other,Male
EB031,Yes,No,No,4.15,none,5,Other,Male
EB001,Yes,No,Yes,2.11,primary1,4,Other,Male
EB002,Yes,No,No,2.43,primary2,5,Other,Male
EB015,Yes,No,No,2.15,none,2,Other,Female
EB004,Yes,No,Yes,1.83,primary2,3,Other,Male
EB029,No,No,Yes,1.83,primary2,3,Other,Male
EB006,Yes,No,Yes,0.55,none,3,Other,Female
EB007,No,No,No,1.56,primary1,3,Other,Male
EB008,Yes,No,Yes,3.13,primary2,2,Other,Male
EB009,No,No,No,1.79,none,2,Other,Male
EB010,Yes,No,Yes,3.75,primary1,2,Other,Male
EB011,Yes,Yes,Yes,1.675,secondary,2,Other,Male
EB003,Yes,No,No,1.83,primary2,2,Other,Female
EB027,No,No,No,3.83,primary2,3,Other,Male
EK060,No,No,No,0.83,primary2,2,Other,Male
EK054,No,No,No,1.19,primary2,3,Other,Male
EK053,No,No,No,2.95,secondary,3,Other,Male
EK052,No,No,No,0.83,primary2,2,Other,Male
EK052,No,No,No,1.19,primary2,2,Other,Male
EK056,No,No,No,0.55,none,1,Other,Female
EK065,No,No,No,0.83,primary2,2,Other,Male
EK055,Yes,No,No,0.715,primary1,3,Other,Male
EK057,No,No,No,0.99,primary1,2,Other,Male
EK058,No,No,No,3.035,secondary,5,Other,Male
EK059,No,No,No,2.635,none,3,Other,Male
EK061,No,No,No,1.19,primary2,4,Other,Female
EK051,No,No,No,3.31,secondary,4,Other,Male
EK038,No,No,No,0.835,primary1,4,Other,Male
EK062,No,No,No,0.715,primary1,1,Other,Male
EK063,No,No,No,2.475,primary1,1,Other,Female
EK064,No,No,No,0.99,primary1,3,Other,Female
EK041,No,No,No,3.155,primary2,4,Other,Female
EK034,No,No,No,0.915,primary2,3,Other,Male
EK033,No,No,No,0.64,secondary,4,Other,Male
EK091,No,No,No,0.475,primary1,3,Other,Female
EK066,No,No,No,0.83,primary2,2,Other,Male
EK035,No,No,No,0.475,primary1,4,Other,Male
EK036,No,No,No,0.475,primary1,3,Other,Female
EK040,No,No,No,1.11,primary1,4,Other,Female
EK039,No,No,No,0.835,primary1,3,Other,Male
EK050,No,No,No,0.515,none,3,Other,Female
EK043,No,No,No,0.555,primary2,3,Other,Male
EK045,No,No,Yes,0.715,primary1,2,Other,Male
EK046,No,No,No,0.635,none,1,Other,Female
EK047,No,No,No,1.19,primary2,2,Other,Male
EK048,No,No,No,0.55,none,2,Other,Female
EK049,No,No,No,2.855,primary2,2,Other,Male
EK037,No,No,No,2.56,primary1,5,Other,Male
EK098,No,No,No,1.155,primary2,5,Other,Male
EK089,No,No,No,2.915,primary2,3,Other,Female
EK088,No,No,No,0,none,1,Other,Female
EK031,No,No,No,3.43,primary2,4,Other,Female
EK090,No,No,No,2.915,primary2,3,Other,Male
EK042,No,No,No,2.75,primary1,3,Other,Female
EK093,No,No,No,0.715,primary1,2,Other,Female
EK086,No,No,No,0.275,none,1,Other,Female
EK095,No,No,No,0.835,primary1,2,Other,Female
EK085,No,No,No,0,none,2,Other,Male
EK150,No,No,No,0.515,none,2,Other,Female
EK153,No,No,No,3.13,primary2,2,Other,Male
EK154,No,No,No,1.11,primary1,2,Other,Male
EK158,No,No,No,0.94,primary2,2,Other,Male
EK162,No,No,No,0.79,none,2,Other,Male
EK163,No,No,No,0.91,none,1,Other,Male
EK099,No,No,No,0.475,primary1,1,Other,Male
EK094,No,No,No,0.915,primary2,3,Other,Male
EK077,No,No,No,0.91,none,3,Other,Female
EK068,No,No,No,0.715,primary1,3,Other,Male
EK070,No,No,No,2.835,primary1,3,Other,Female
EK071,No,No,No,0.905,primary2,2,Other,Male
EK072,No,No,No,0.95,secondary,1,Other,Male
EK073,No,No,No,3.19,secondary,2,Other,Male
EK074,No,No,No,0.91,none,1,Other,Female
EK087,No,No,No,2.83,primary2,2,Other,Male
EK076,No,No,No,2.795,primary2,2,Other,Male
EK067,No,No,No,0.835,primary1,2,Other,Male
EK078,No,No,No,1.11,primary1,3,Other,Male
EK079,No,No,No,1.07,primary2,3,Other,Female
EK080,No,No,No,0.475,primary1,3,Other,Female
EK081,No,No,No,4.11,primary1,2,Other,Female
EK082,No,No,No,1.07,primary2,3,Other,Male
EK083,No,No,No,1.19,primary2,2,Other,Male
EK084,No,No,No,0.79,none,2,Other,Male
EK075,No,No,No,1.11,primary1,3,Other,Male
EK124,No,No,No,1.19,primary2,3,Other,Male
EK116,No,No,No,0.835,primary1,4,Other,Female
EK131,No,No,No,0.55,none,2,Other,Male
EK130,No,No,No,0.55,none,1,Other,Male
EK129,No,No,No,1.11,primary1,1,Other,Male
EK128,No,No,No,0.835,primary1,4,Other,Male
EK127,No,No,No,0.555,primary2,2,Other,Male
EK135,No,No,No,0.83,primary2,2,Other,Male
EK125,No,No,No,1.35,primary1,1,Other,Female
EK136,Yes,No,No,2.835,primary1,3,Other,Male
EK123,No,No,No,0.625,none,3,Other,Male
EK121,No,No,No,1.15,none,3,Other,Male
EK120,No,No,No,3.11,primary1,6+,Other,Male
EK119,No,No,No,0.83,primary2,2,Other,Male
EK118,No,No,No,1.19,secondary,2,Other,Male
EK117,No,No,No,0.99,primary1,3,Other,Female
EK126,No,No,No,3.19,secondary,5,Other,Male
EK143,No,No,No,3.215,secondary,2,Other,Male
EK044,No,No,No,1.55,secondary,2,Other,Male
EK030,No,No,No,3.135,primary1,5,Other,Male
EK149,No,No,No,3.71,secondary,4,Other,Male
EK148,No,No,Yes,0.635,none,4,Other,Male
EK147,No,No,No,0.75,primary1,3,Other,Male
EK146,No,No,No,1.124,other,4,Other,Male
EK144,No,No,No,0.83,primary2,2,Other,Male
EK132,No,No,No,1.19,primary2,2,Other,Female
EK142,No,No,No,1.07,primary2,3,Other,Male
EK141,No,No,No,2.715,primary1,2,Other,Male
EK140,No,No,No,0.715,primary1,1,Other,Female
EK139,No,No,No,0.83,primary2,2,Other,Male
EK138,No,No,No,0.24,none,1,Other,Male
EK137,No,No,No,0.83,primary2,4,Other,Male
EK145,No,No,No,0.475,primary1,4,Other,Male
EK023,No,No,No,0.83,primary2,2,Other,Male
EK006,No,No,No,0.36,none,3,Other,Male
EK007,No,No,No,0.555,primary2,4,Other,Male
EK011,No,No,No,0.555,primary2,2,Other,Male
EK012,No,No,No,1.155,primary2,6+,Other,Male
EK013,No,No,No,0.79,none,3,Other,Female
EK014,No,No,No,0.555,primary2,3,Other,Male
EK019,No,No,No,1.07,primary2,3,Other,Male
EK005,Yes,No,No,0.75,primary1,2,Other,Male
EK021,No,No,No,3.075,primary1,3,Other,Male
EK027,No,No,No,1.07,primary2,2,Other,Male
EK024,No,No,No,0.915,primary2,3,Other,Female
EK025,No,No,No,1.11,primary1,2,Other,Male
EK026,No,No,No,1.07,primary2,3,Other,Male
EK114,No,No,No,3.19,primary2,2,Other,Male
EK028,No,No,No,0.915,primary2,3,Other,Male
EK134,No,No,Yes,0.83,primary2,2,Other,Male
EK029,No,No,No,0.715,primary1,4,Other,Male
EK111,No,No,No,2.915,primary2,5,Other,Male
EK112,No,No,No,0.475,primary1,1,Other,Female
EK108,No,No,No,0.99,primary1,2,Other,Female
EK107,No,No,No,0.83,primary2,1,Other,Female
EK106,No,No,No,1.19,secondary,1,Other,Male
EK105,No,No,No,0.835,primary1,1,Other,Female
EK103,No,No,No,0.475,primary1,1,Other,Female
EK004,Yes,No,No,2.94,primary2,3,Other,Male
EK101,No,No,No,0.835,primary1,3,Other,Male
EK100,No,No,No,0.79,none,1,Other,Male
EK001,Yes,No,No,2.7,secondary,2,Other,Male
EK002,Yes,No,No,0.2,primary1,3,Other,Male
EK003,No,No,No,1.1,primary1,6+,Other,Male
EK113,No,No,No,0.475,primary1,2,Other,Male
EK102,No,No,No,0.275,none,2,Other,Female
EU138,No,No,No,0.91,none,5,Other,Female
EU130,No,No,No,3.66,secondary,4,Other,Male
EU132,No,No,No,3.135,primary1,3,Other,Male
EU133,No,No,No,1.07,primary2,4,Other,Male
EU134,No,No,Yes,0.75,primary1,2,Other,Male
EU135,No,No,No,0.555,primary2,2,Other,Male
EU144,No,No,No,3.245,primary2,2,Other,Male
EU142,No,No,No,3.55,secondary,2,Other,Male
EU139,No,No,No,0.95,secondary,2,Other,Male
EU140,No,No,No,0.83,primary2,2,Other,Male
EU141,No,No,No,1.07,primary2,2,Other,Male
EU117,No,No,No,0.75,primary1,1,Other,Female
EU129,No,No,No,2.95,secondary,2,Other,Male
EU137,No,No,No,2.835,primary1,1,Other,Female
EU118,No,No,No,3.07,primary2,2,Other,Female
EU104,No,No,No,1.155,primary2,4,Other,Male
EU106,No,No,Yes,3.07,primary2,2,Other,Male
EU107,No,No,No,3.015,primary1,4,Other,Female
EU111,No,No,No,0.515,none,1,Other,Female
EU112,No,No,Yes,0.83,primary2,2,Other,Male
EU114,No,No,No,4.55,secondary,4,Other,Male
EU119,No,No,No,3.19,primary2,2,Other,Male
EU158,No,No,No,0.795,primary2,1,Other,Female
EU128,No,No,No,2.675,secondary,3,Other,Male
EU145,No,No,No,2.28,primary2,2,Other,Male
EU120,No,No,No,2.795,primary2,1,Other,Male
EU122,No,No,No,3.19,primary2,3,Other,Male
EU124,No,No,No,3.31,secondary,2,Other,Male
EU125,No,No,No,0.55,none,2,Other,Male
EU126,No,No,No,2.83,primary2,2,Other,Male
EU116,No,No,No,0.83,primary2,2,Other,Male
EU174,No,No,No,0.99,primary1,4,Other,Male
EU156,No,No,No,1.555,primary2,3,Other,Male
EU167,No,No,No,1.19,secondary,2,Other,Male
EU168,No,No,No,2.835,primary1,2,Other,Male
EU169,No,No,No,0.715,primary1,1,Other,Female
EU170,No,No,No,1.07,primary2,4,Other,Male
EU165,No,No,Yes,2.915,primary2,4,Other,Female
EU172,No,No,No,1.07,primary2,1,Other,Female
EU164,No,No,No,1.19,primary2,2,Other,Male
EU175,No,No,Yes,3.11,primary1,3,Other,Male
EU176,No,No,No,0.555,primary2,1,Other,Male
EU177,No,No,No,0.75,primary1,2,Other,Male
EU178,No,No,No,2.79,none,3,Other,Female
EU103,No,No,No,3.35,primary1,3,Other,Female
EU045,No,No,Yes,0.24,none,5,Other,Female
EU171,No,No,No,2.83,primary2,2,Other,Male
EU180,No,No,No,2.83,primary2,2,Other,Male
EU147,No,No,No,0.715,primary1,1,Other,Male
EU148,No,No,Yes,2.99,primary1,1,Other,Female
EU149,No,No,No,0.75,primary1,2,Other,Male
EU150,No,No,No,0.75,primary1,3,Other,Male
EU151,No,No,No,0.75,primary1,4,Other,Male
EU166,No,No,No,2.95,secondary,3,Other,Male
EU157,No,No,No,1.07,primary2,2,Other,Female
EU146,No,No,No,0.79,none,2,Other,Female
EU159,No,No,No,2.795,primary2,2,Other,Male
EU179,No,No,No,2.915,secondary,2,Other,Male
EU160,No,No,No,1.11,primary1,5,Other,Female
EU161,No,No,No,3.71,secondary,2,Other,Male
EU162,No,No,No,3.31,secondary,3,Other,Male
EU163,No,No,No,3.55,secondary,4,Other,Male
EU154,No,No,No,0.99,primary1,3,Other,Male
EU027,No,No,No,2.76,secondary,2,Other,Male
EU059,No,No,No,0.52,primary2,2,Other,Male
EU058,No,No,No,2.2,primary1,2,Other,Male
EU057,No,No,No,0.915,primary2,2,Other,Male
EU055,No,No,Yes,2.915,primary2,2,Other,Female
EU054,No,No,No,0.28,primary2,6+,Other,Female
EU053,No,No,No,2.835,primary1,3,Other,Female
EU052,No,No,No,0.555,primary2,2,Other,Male
EU048,No,No,No,0.635,none,2,Other,Male
EU046,No,No,No,2.64,secondary,2,Other,Male
EU042,No,No,Yes,3.1,secondary,2,Other,Male
EU041,No,No,Yes,3.15,secondary,5,Other,Male
EU040,No,No,No,0,none,5,Other,Male
EU047,No,No,No,0.28,primary2,2,Other,Male
EU009,No,No,No,3.5,primary1,2,Other,Male
EU155,No,No,No,0.83,primary2,2,Other,Male
EU181,No,No,No,1.19,primary2,6+,Other,Male
EU001,No,Yes,Yes,4.015,primary1,2,Other,Male
EU003,No,No,No,3.455,primary2,2,Other,Male
EU006,Yes,Yes,No,3.215,secondary,2,Other,Male
EU038,No,No,No,3.18,primary2,2,Other,Male
EU008,No,No,No,3.5,primary1,2,Other,Male
EU017,No,Yes,No,2.58,primary2,2,Other,Male
EU018,No,No,No,0.4,secondary,2,Other,Male
EU020,No,No,Yes,1.977,secondary,3,Other,Male
EU021,No,No,No,2.64,primary2,2,Other,Male
EU026,No,No,Yes,0.2,primary1,2,Other,Male
EU062,No,No,Yes,2.68,primary2,2,Other,Male
EU007,No,No,Yes,3.095,primary2,2,Other,Male
EU093,No,No,No,0.83,primary2,2,Other,Male
EU060,No,No,No,0.28,primary2,2,Other,Male
EU085,No,No,No,2.875,none,2,Other,Female
EU086,No,No,Yes,0.83,primary2,2,Other,Male
EU087,No,No,No,2.675,secondary,2,Other,Male
EU088,No,No,No,3.155,primary2,2,Other,Male
EU083,No,No,No,1.11,primary1,3,Other,Male
EU082,No,No,No,3.035,secondary,3,Other,Male
EU095,No,No,No,0.75,primary1,4,Other,Female
EU096,No,No,No,0.475,primary1,2,Other,Female
EU097,No,No,No,3.35,primary1,4,Other,Male
EU098,No,No,No,0.475,primary1,1,Other,Female
EU099,No,No,No,3.31,secondary,2,Other,Male
EU100,No,No,No,3.25,secondary,2,Other,Male
EU091,No,No,No,3.11,primary1,5,Other,Female
EU072,No,No,No,2.875,none,3,Other,Male
EU101,No,No,Yes,1.07,primary2,2,Other,Male
EU063,No,No,No,3.35,primary1,3,Other,Male
EU064,No,No,No,2.635,none,1,Other,Female
EU065,No,No,No,2.83,primary2,2,Other,Male
EU066,No,No,No,0.475,primary1,2,Other,Female
EU084,No,No,No,2.915,secondary,2,Other,Male
EU071,No,No,No,3.19,primary2,2,Other,Male
EU061,No,No,No,3.15,primary1,4,Other,Male
EU073,No,No,No,0.635,none,2,Other,Male
EU074,No,No,No,2.715,primary1,2,Other,Male
EU075,No,No,No,0.835,primary1,2,Other,Female
EU077,No,No,No,0.83,primary2,4,Other,Male
EU079,No,No,No,1.07,primary2,2,Other,Male
EU070,No,No,No,0.75,primary1,2,Other,Male
EU201,No,No,No,3.19,primary2,3,Other,Male
EU182,No,No,No,0.275,none,1,Other,Female
EU205,No,No,No,2.83,primary2,2,Other,Male
EU204,No,No,No,0.55,none,3,Other,Male
EU202,No,No,No,2.95,secondary,2,Other,Male
EU153,No,No,No,0.83,primary2,2,Other,Male
EU200,No,No,No,2.555,primary2,3,Other,Male
EU198,No,No,No,3.11,primary1,4,Other,Female
EU197,No,No,No,2.75,primary1,2,Other,Male
EU196,No,No,No,3.19,primary2,2,Other,Male
EU195,No,No,No,0.83,primary2,2,Other,Male
EU186,No,No,No,2.635,none,1,Other,Female
EU203,No,No,No,0.83,primary2,2,Other,Male
EU194,No,No,No,2.555,primary2,2,Other,Male
EU183,No,No,No,0.555,primary2,1,Other,Male
EU184,No,No,No,2.555,primary2,2,Other,Male
EU187,No,No,Yes,3.37,primary2,2,Other,Male
EU189,No,No,Yes,3.83,primary2,2,Other,Female
EU190,No,No,Yes,0.75,primary1,1,Other,Male
EU191,No,No,Yes,1.07,primary2,2,Other,Male
EU192,No,No,No,0.91,none,2,Other,Male
EU193,No,No,No,0.275,none,1,Other,Female
EL112,No,No,No,3.31,secondary,5,Other,Male
EL110,No,No,No,0.83,primary2,2,Other,Male
EL109,No,No,No,3.31,secondary,5,Other,Male
EL114,No,No,No,0.75,primary1,1,Other,Male
EL107,No,Yes,No,0.91,none,2,Other,Female
EL121,No,No,Yes,1.11,primary1,4,Other,Male
EL106,No,No,No,0.715,primary1,3,Other,Male
EL108,No,No,No,0.83,primary2,3,Other,Male
EL115,No,No,Yes,3.11,primary1,5,Other,Male
EL117,No,No,No,0.767,other,5,Other,Male
EL118,No,No,No,0.915,secondary,,Other,Male
EL120,No,No,No,3.07,primary2,3,Other,Female
EL122,No,No,No,0.83,primary2,3,Other,Male
EL105,No,No,No,0.24,none,2,Other,Male
EL092,No,No,No,0.635,none,2,Other,Female
EL123,Yes,No,No,1.09,none,1,Other,Female
EL119,No,No,No,0.75,primary1,3,Other,Male
EL094,No,No,No,2.915,primary2,4,Other,Male
EL082,No,No,No,2.83,primary2,4,Other,Male
EL084,No,No,No,2.835,primary1,4,Other,Male
EL085,Yes,Yes,No,2.74,other,1,Other,Male
EL086,No,Yes,No,2.835,primary1,2,Other,Male
EL087,No,No,No,3.19,primary2,5,Other,Male
EL088,No,No,No,0.83,primary2,3,Other,Male
EL095,No,No,No,0.75,primary1,5,Other,Male
EL124,No,No,No,2.915,primary2,3,Other,Male
EL104,No,No,No,1.13,primary2,2,Other,Male
EL083,No,No,No,3.31,secondary,6+,Other,Male
EL096,No,No,No,2.95,secondary,6+,Other,Male
EL097,No,No,No,2.915,primary2,4,Other,Female
EL098,No,No,No,2.83,primary2,5,Other,Male
EL102,No,Yes,No,3.25,secondary,1,Other,Female
EL103,No,No,No,0.76,secondary,2,Other,Male
EL091,No,No,No,0.64,primary2,6+,Other,Male
EL156,No,No,No,1.13,primary2,1,Other,Male
EL147,No,Yes,Yes,3.95,secondary,1,Other,Male
EL148,No,No,No,0.55,none,4,Other,Male
EL149,No,No,No,2.915,secondary,5,Other,Male
EL150,No,No,No,1.075,primary1,6+,Other,Male
EL153,No,No,No,0.715,primary1,1,Other,Male
EL167,No,Yes,No,3.19,secondary,3,Other,Male
EL155,No,No,No,1.75,primary1,1,Other,Male
EL144,No,No,No,3.275,secondary,,Other,Female
EL157,No,No,No,2.95,secondary,2,Other,Male
EL162,No,No,No,1,secondary,2,Other,Male
EL163,No,No,No,2.83,primary2,2,Other,Female
EL165,No,No,No,2.75,primary1,,Other,Male
EL004,Yes,No,No,4.41,primary1,3,Other,Female
EL154,No,No,No,2.891,primary2,3,Other,Male
EL135,Yes,No,No,2.75,primary1,1,Other,Male
EL126,No,Yes,No,1.43,primary2,1,Other,Male
EL128,No,No,Yes,2.75,primary1,2,Other,Male
EL129,No,No,No,0.555,primary2,3,Other,Male
EL130,No,No,No,0.515,none,2,Other,Male
EL131,No,No,No,0.83,primary2,1,Other,Male
EL132,No,No,No,1.31,secondary,2,Other,Male
EL146,No,No,No,0.83,primary2,2,Other,Male
EL134,No,No,No,0.99,primary1,3,Other,Male
EL145,No,No,No,0.99,primary1,,Other,Male
EL137,Yes,Yes,Yes,0.2,primary1,6+,Other,Female
EL139,No,No,No,3.07,primary2,3,Other,Male
EL142,No,Yes,No,2.78,primary2,2,Other,Male
EL143,No,No,No,3.075,primary1,3,Other,Female
EL125,No,No,No,2.475,primary1,1,Other,Male
EL133,No,No,No,2.75,primary1,1,Other,Male
EL030,Yes,No,No,2.83,primary2,,Other,Male
EL037,No,No,No,0.8,primary1,5,Other,Male
EL023,Yes,Yes,Yes,4.49,secondary,4,Other,Male
EL024,No,Yes,Yes,0.64,secondary,2,Other,Male
EL025,No,No,No,2.555,primary2,1,Other,Female
EL026,No,No,No,0.44,primary1,5,Other,Male
EL027,No,No,Yes,4.35,primary1,3,Other,Male
EL021,No,No,Yes,4.47,primary2,4,Other,Male
EL029,No,No,No,0.555,primary2,3,Other,Male
EL020,Yes,Yes,Yes,2.82,primary2,4,Other,Male
EL031,No,No,No,3.2,primary1,6+,Other,Male
EL032,No,No,No,0.44,primary1,6+,Other,Male
EL033,No,No,No,1,none,4,Other,Female
EL034,No,No,No,0.905,primary2,5,Other,Female
EL035,No,No,No,5.05,secondary,6+,Other,Male
EL036,No,No,No,4.19,secondary,,Other,Female
EL028,No,No,No,0.915,primary2,2,Other,Male
EL012,No,No,No,1.43,primary2,3,Other,Male
EL001,No,No,No,4.55,secondary,2,Other,Male
EL081,Yes,Yes,Yes,3.49,primary2,4,Other,Male
EL007,No,Yes,Yes,2.25,secondary,2,Other,Male
EL002,Yes,Yes,Yes,1.07,primary2,3,Other,Male
EL003,No,No,Yes,4.73,primary2,3,Other,Male
EL005,Yes,Yes,Yes,0.82,primary2,3,Other,Male
EL022,No,No,No,4.25,secondary,2,Other,Male
EL010,No,No,No,1.95,secondary,2,Other,Male
EL011,Yes,No,No,2.52,primary2,3,Other,Male
EL013,Yes,No,No,0.28,primary2,2,Other,Male
EL015,No,No,No,1.816,primary2,3,Other,Male
EL016,No,No,No,3.915,secondary,2,Other,Male
EL017,No,No,No,2.82,primary2,4,Other,Male
EL018,Yes,No,No,4.19,primary2,4,Other,Male
EL019,Yes,No,No,3.88,primary2,4,Other,Female
EL008,Yes,Yes,Yes,1.18,primary2,5,Other,Male
EL058,No,No,No,1.2,primary1,5,Other,Male
EL059,No,No,No,0.95,secondary,1,Other,Female
EL059,No,No,No,0.95,secondary,1,Other,Female
EL059,No,No,No,0.95,secondary,1,Other,Female
EL060,No,No,No,2.75,primary1,2,Other,Male
EL061,No,No,No,0.99,primary1,1,Other,Male
EL063,No,Yes,Yes,2.475,primary1,3,Other,Male
EL057,Yes,No,No,0.52,primary2,2,Other,Female
EL066,No,No,No,2.91,none,3,Other,Male
EL071,No,No,No,0.91,none,4,Other,Male
EL068,No,No,No,0.835,primary1,3,Other,Male
EL069,No,No,No,3.11,primary1,3,Other,Male
EL070,No,No,No,2.63,primary2,2,Other,Male
EL038,No,No,No,1.75,primary1,3,Other,Male
EL072,No,No,No,1.07,primary2,4,Other,Female
EL009,Yes,No,No,4.49,secondary,2,Other,Male
EL080,No,No,No,0.44,primary1,6+,Other,Female
EL064,No,No,No,0.44,primary1,1,Other,Male
EL045,No,No,No,2.475,primary1,3,Other,Male
EL040,Yes,No,No,4.715,primary2,6+,Other,Male
EL041,No,No,No,3.715,primary1,6+,Other,Male
EL042,Yes,Yes,No,2.75,primary1,1,Other,Female
EL039,No,No,No,4.37,primary2,2,Other,Male
EL056,No,No,No,0.8,primary1,2,Other,Male
EL043,No,No,No,4.07,primary2,2,Other,Female
EL044,No,No,No,0.44,primary1,6+,Other,Female
EL046,No,No,No,0.44,primary1,4,Other,Male
EL051,No,No,No,0.24,none,6+,Other,Female
EL055,No,No,No,1.35,primary1,3,Other,Female
EL054,Yes,No,No,3.29,primary1,4,Other,Male
EL050,No,No,No,1.075,primary1,6+,Other,Male
EL052,No,No,No,3.159,secondary,4,Other,Female
EL048,No,No,No,4.31,secondary,2,Other,Female
ED008,No,No,No,1.555,primary2,2,Other,Male
ED001,Yes,No,No,2.915,primary2,5,Other,Female
ED016,No,Yes,Yes,3.83,primary2,2,Other,Female
ED014,No,Yes,Yes,4.07,primary2,6+,Other,Female
ED013,No,No,No,4.11,primary1,3,Other,Male
ED012,Yes,No,No,1.95,secondary,2,Other,Male
ED011,No,Yes,No,1.875,none,6+,Other,Female
ED019,No,No,No,2.35,primary1,6+,Other,Male
ED009,No,No,No,4.35,primary1,6+,Other,Male
ED007,Yes,Yes,Yes,1.2,primary1,6+,Other,Male
ED006,Yes,Yes,Yes,4.65,primary1,5,Other,Male
ED005,Yes,No,No,3.28,primary2,3,Other,Female
ED004,No,No,No,2.19,primary2,6+,Other,Female
ED003,Yes,No,No,2.55,secondary,6+,Other,Male
ED002,No,No,No,2.275,secondary,4,Other,Male
ED010,No,No,No,1.915,secondary,5,Other,Male
ED026,Yes,Yes,Yes,1.75,primary1,2,Other,Female
ED097,No,No,Yes,4.07,primary2,2,Other,Male
ED096,No,No,Yes,4.11,primary1,4,Other,Male
ED063,No,No,Yes,2.11,primary1,6+,Other,Female
ED048,No,No,No,3.83,primary2,3,Other,Female
ED029,Yes,Yes,No,4.43,primary2,6+,Other,Female
ED018,Yes,No,No,2.43,primary2,4,Other,Female
ED027,Yes,No,No,4.15,none,6+,Other,Male
ED015,No,No,No,4.85,secondary,3,Other,Male
ED025,Yes,Yes,Yes,2.19,secondary,1,Other,Female
ED024,Yes,No,No,4.37,primary2,6+,Other,Male
ED023,No,Yes,No,4.19,primary2,2,Other,Male
ED022,No,Yes,Yes,1.8,primary1,1,Other,Male
ED021,No,Yes,No,4.43,primary2,5,Other,Female
ED020,Yes,No,No,1.83,primary2,2,Other,Male
ED028,No,No,No,4.29,primary1,2,Other,Male
ED017,Yes,No,No,4.43,primary2,5,Other,Female
EM108,No,No,No,0.99,primary1,4,Other,Male
EM109,No,No,No,3.35,primary1,3,Other,Male
EM111,No,No,No,2.275,none,2,Other,Male
EM118,No,No,No,2.83,primary2,2,Other,Male
EM115,No,No,No,3.19,primary2,2,Other,Male
EM116,No,No,Yes,3.095,primary2,3,Other,Male
EM107,No,No,No,3.11,primary1,2,Other,Male
EM099,No,No,No,2.95,secondary,3,Other,Male
EM119,No,Yes,Yes,3,secondary,2,Other,Male
EM121,Yes,No,Yes,2.82,primary2,2,Other,Male
EM120,No,No,No,1.65,primary1,3,Other,Male
EM114,No,No,No,1.07,primary2,2,Other,Male
EM106,No,No,No,0.4,secondary,2,Other,Male
EM104,No,No,No,3.43,primary2,2,Other,Male
EM103,No,No,No,3.35,primary1,3,Other,Female
EM102,No,No,No,0.635,other,1,Other,Female
EM100,No,No,No,3.6,secondary,2,Other,Male
EM131,No,No,Yes,3.135,primary1,5,Other,Male
EM098,No,No,Yes,3.294,secondary,6+,Other,Male
EM096,No,No,No,3.715,secondary,3,Other,Male
EM095,Yes,Yes,No,1.49,secondary,2,Other,Male
EM094,No,No,No,2.28,primary2,2,Other,Male
EM093,No,No,No,0.275,none,3,Other,Male
EM092,No,No,No,2.635,none,2,Other,Male
EM101,No,No,No,0.83,primary2,2,Other,Male
EM138,No,No,No,0.275,none,3,Other,Female
EM140,No,No,No,0.83,primary2,2,Other,Male
EM090,No,No,No,3.19,primary2,2,Other,Male
EM152,No,No,No,3.605,primary2,4,Other,Male
EM151,No,No,No,0.99,primary1,6+,Other,Male
EM150,No,No,Yes,1.82,primary2,6+,Other,Female
EM149,No,No,No,3.07,primary2,2,Other,Male
EM148,No,No,No,1.11,primary1,1,Other,Male
EM147,No,No,No,3.19,primary2,4,Other,Male
EM146,No,No,No,1.19,primary2,2,Other,Male
EM145,No,No,No,2.635,none,2,Other,Female
EM144,No,No,No,3.07,primary2,4,Other,Male
EM129,No,No,No,3.73,primary2,2,Other,Male
EM139,No,No,No,0.515,none,2,Other,Female
EM122,No,No,Yes,1.41,primary1,2,Other,Male
EM137,No,No,No,3.13,primary2,2,Other,Male
EM136,No,No,No,3.375,primary1,2,Other,Male
EM134,No,No,No,3.11,primary1,3,Other,Male
EM130,No,No,No,0.75,primary1,3,Other,Female
EM141,No,No,No,0,none,1,Other,Female
EM128,No,No,No,3.3,secondary,2,Other,Male
EM127,No,No,No,2.915,primary2,1,Other,Female
EM126,No,No,No,0.555,primary2,2,Other,Male
EM125,No,No,No,0.75,primary1,2,Other,Male
EM124,No,No,No,0.99,primary1,6+,Other,Male
EM123,No,No,No,2.515,none,2,Other,Female
EM143,No,No,No,3.075,primary1,4,Other,Male
EM024,No,No,No,0.28,primary2,2,Other,Male
EM054,Yes,Yes,No,3.18,primary2,2,Other,Male
EM048,No,Yes,No,0.6,none,6+,Other,Male
EM047,No,No,No,3.215,primary2,1,Other,Male
EM046,No,No,No,2.915,primary2,6+,Other,Male
EM042,No,No,Yes,0.975,secondary,4,Other,Male
EM039,No,No,Yes,2.835,primary1,1,Other,Male
EM038,Yes,No,Yes,3.095,primary2,2,Other,Male
EM037,Yes,Yes,Yes,2.855,primary2,2,Other,Male
EM036,Yes,No,Yes,1.095,primary2,2,Other,Male
EM035,Yes,No,Yes,1.07,primary2,6+,Other,Male
EM055,No,No,No,2.28,primary2,6+,Other,Female
EM025,No,No,Yes,0.44,primary1,2,Other,Male
EM043,Yes,No,No,0.855,primary2,2,Other,Male
EM018,No,No,No,2.675,secondary,2,Other,Female
EM016,Yes,No,No,0,none,2,Other,Male
EM013,Yes,No,Yes,2.54,none,1,Other,Female
EM009,No,No,Yes,3.95,none,3,Other,Male
EM007,Yes,No,Yes,3.015,primary1,2,Other,Male
EM006,Yes,Yes,Yes,0.94,primary2,2,Other,Male
EM005,Yes,Yes,Yes,2.86,primary1,2,Other,Male
EM003,Yes,No,No,2.94,primary2,6+,Other,Male
EM002,Yes,Yes,Yes,3.17,primary2,2,Other,Male
EM142,No,No,No,3.54,primary2,5,Other,Male
EM089,No,No,No,0.83,primary2,2,Other,Male
EM027,Yes,No,No,2.82,primary2,3,Other,Male
EM078,No,No,No,2.915,primary2,2,Other,Male
EM087,No,No,Yes,3.55,secondary,3,Other,Male
EM086,No,Yes,Yes,2.82,primary2,2,Other,Male
EM085,No,No,No,3.175,none,6+,Other,Male
EM084,Yes,No,No,1.82,primary2,2,Other,Male
EM083,No,No,No,2.75,primary1,1,Other,Male
EM082,No,No,No,2.64,primary2,4,Other,Male
EM041,No,No,Yes,0.4,secondary,2,Other,Male
EM079,No,No,No,0.855,primary2,3,Other,Male
EM056,No,No,No,0.275,none,4,Other,Female
EM077,No,No,No,2.83,primary2,2,Other,Male
EM076,No,No,No,3.23,primary2,4,Other,Male
EM075,No,No,No,2.83,primary2,2,Other,Male
EM074,No,No,No,3.215,primary2,3,Other,Male
EM073,No,No,No,3.85,primary1,4,Other,Male
EM059,No,No,No,0.555,primary2,2,Other,Male
EM080,No,No,No,0.83,primary2,2,Other,Male
EM058,Yes,No,No,3.45,primary1,4,Other,Male
EM071,No,No,Yes,3.07,primary2,3,Other,Male
EM060,No,No,No,0.58,primary2,2,Other,Male
EM062,No,No,No,2.975,secondary,3,Other,Male
EM063,No,No,No,3.23,primary2,5,Other,Male
EM066,No,No,No,1.29,primary1,4,Other,Female
EM067,No,No,Yes,3.575,secondary,2,Other,Male
EM068,No,No,No,1.49,secondary,2,Other,Male
EM069,No,No,No,0.83,primary2,2,Other,Male
EM070,No,No,No,2.835,primary1,4,Other,Male
EM065,No,No,No,3.215,primary2,3,Other,Male
EI092,No,No,No,0.83,primary2,2,Other,Male
EI081,No,No,No,0.555,primary2,1,Other,Male
EI082,No,No,No,3.19,primary2,2,Other,Male
EI083,No,No,No,4.61,secondary,2,Other,Male
EI084,No,No,No,4.375,secondary,2,Other,Male
EI085,No,No,No,1.07,primary2,1,Other,Female
EI086,No,No,No,0.55,none,1,Other,Female
EI087,No,No,No,2.36,none,3,Other,Male
EI088,Yes,No,No,0.75,primary1,2,Other,Male
EI089,No,No,Yes,0.55,none,1,Other,Female
EI091,No,No,No,1.049,secondary,2,Other,Male
EI078,Yes,No,No,0.95,secondary,2,Other,Male
EI093,No,No,No,0.83,primary2,2,Other,Male
EI094,Yes,No,No,4.43,primary2,2,Other,Male
EI095,No,No,No,0.83,primary2,2,Other,Male
EI096,No,No,No,0.795,primary2,2,Other,Male
EI097,Yes,No,No,1.606,primary2,3,Other,Male
EI098,No,No,No,0.83,primary2,1,Other,Male
EI099,Yes,No,No,1.51,primary1,2,Other,Male
EI090,No,No,No,3.478,secondary,2,Other,Male
EI063,No,No,No,2.24,none,2,Other,Male
EI051,Yes,No,No,0.64,secondary,2,Other,Male
EI052,Yes,No,No,0.83,primary2,2,Other,Male
EI053,Yes,No,No,4.31,secondary,1,Other,Female
EI054,Yes,No,No,3.55,secondary,2,Other,Female
EI055,No,No,No,2.95,secondary,5,Other,Female
EI056,Yes,No,No,3.07,primary2,3,Other,Male
EI057,Yes,No,No,4.73,primary2,6+,Other,Male
EI058,Yes,No,No,2.4,secondary,2,Other,Male
EI080,No,No,No,2.991,primary1,4,Other,Male
EI062,Yes,No,No,4.07,primary2,1,Other,Female
EI079,No,No,No,0.55,none,1,Other,Female
EI064,No,No,No,0.75,primary1,1,Other,Male
EI065,No,No,No,1.19,primary2,2,Other,Male
EI067,No,No,No,3.135,primary1,1,Other,Female
EI069,No,No,No,0.95,secondary,1,Other,Male
EI070,No,No,No,2.52,primary2,2,Other,Male
EI073,No,No,No,1.55,secondary,2,Other,Male
EI075,No,No,No,3.275,secondary,2,Other,Male
EI076,No,No,No,0.91,none,1,Other,Female
EI077,No,No,No,0.715,primary1,2,Other,Male
EI154,No,No,Yes,3.35,primary1,1,Other,Female
EI060,Yes,Yes,No,2.28,primary2,1,Other,Female
EI141,No,No,No,0.79,none,1,Other,Female
EI117,No,No,No,1.785,secondary,2,Other,Male
EI118,No,No,No,3.31,secondary,3,Other,Male
EI119,No,No,No,0.83,primary2,2,Other,Male
EI120,No,No,No,0.95,secondary,2,Other,Male
EI121,No,No,No,3.41,primary1,2,Other,Male
EI122,No,No,No,1.19,primary2,2,Other,Male
EI123,No,No,No,0.83,primary2,1,Other,Male
EI146,No,No,No,2.55,none,1,Other,Female
EI145,No,No,No,3.49,secondary,2,Other,Male
EI151,No,No,No,0.55,none,1,Other,Male
EI142,No,No,No,1.1,primary1,2,Other,Male
EI110,No,No,No,2.91,none,1,Other,Female
EI140,No,No,No,0.83,primary2,3,Other,Male
EI137,Yes,No,No,3.49,primary2,1,Other,Male
EI136,No,No,No,3.25,secondary,2,Other,Male
EI134,No,No,No,3.31,secondary,2,Other,Male
EI132,No,No,No,0.64,primary2,2,Other,Male
EI128,No,No,No,2.95,secondary,2,Other,Male
EI127,No,No,No,0.55,none,1,Other,Male
EI126,No,No,No,1.19,secondary,2,Other,Male
EI125,No,No,No,0.695,primary2,1,Other,Male
EI147,No,No,No,2.55,none,2,Other,Male
EI100,No,No,No,0.88,primary2,2,Other,Male
EI124,No,No,No,0.55,none,1,Other,Male
EI155,No,No,No,0.795,primary2,2,Other,Male
EI159,No,No,No,3.455,primary2,2,Other,Male
EI160,No,No,No,0.95,secondary,2,Other,Male
EI165,No,No,No,3.25,secondary,2,Other,Male
EI166,No,No,No,0.275,none,1,Other,Female
EI168,No,No,No,3.25,secondary,1,Other,Male
EI169,Yes,No,No,1.19,secondary,2,Other,Male
EI171,No,No,No,1.784,primary1,2,Other,Male
EI113,No,No,No,3.53,primary2,4,Other,Male
EI148,No,No,Yes,2.75,primary1,2,Other,Male
EI112,No,No,No,3.63,primary2,1,Other,Female
EI104,Yes,No,No,2.49,secondary,2,Other,Male
EI105,No,No,No,1.07,primary2,2,Other,Male
EI106,Yes,No,No,0.75,primary1,1,Other,Male
EI107,No,No,No,3.49,secondary,2,Other,Male
EI150,No,No,No,0.275,none,1,Other,Female
EI108,No,No,No,3.19,primary2,4,Other,Male
EI071,No,No,No,0.596,primary1,1,Other,Female
EI109,No,No,No,0.275,none,1,Other,Female
EI050,Yes,No,No,2.35,secondary,2,Other,Male
EI153,No,No,No,0.915,primary2,2,Other,Male
EI149,No,No,No,0.795,primary2,2,Other,Male
EI011,Yes,No,No,1.24,none,2,Other,Male
EI022,Yes,No,Yes,3.8,secondary,2,Other,Male
EI021,Yes,No,No,4.31,secondary,2,Other,Male
EI020,No,No,No,1.19,primary2,6+,Other,Male
EI019,Yes,No,No,2.43,primary2,6+,Other,Male
EI018,Yes,Yes,Yes,0.56,primary1,3,Other,Male
EI017,Yes,No,Yes,4.65,secondary,6+,Other,Male
EI016,Yes,No,No,3.07,primary2,4,Other,Male
EI015,No,Yes,Yes,3.75,primary1,3,Other,Female
EI014,Yes,No,No,2.75,primary1,2,Other,Male
EI023,Yes,No,No,0.24,none,1,Other,Male
EI012,Yes,No,Yes,3.89,secondary,2,Other,Male
EI009,Yes,No,No,2.07,primary2,1,Other,Female
EI010,Yes,No,No,3.19,primary2,3,Other,Female
EI008,Yes,No,Yes,4.43,primary2,2,Other,Male
EI006,Yes,No,No,0.79,none,2,Other,Female
EI005,Yes,No,No,0.36,none,4,Other,Female
EI004,Yes,No,Yes,3.37,primary2,3,Other,Male
EI003,Yes,No,No,0.28,primary2,3,Other,Male
EI002,Yes,Yes,Yes,1.88,primary2,4,Other,Male
EI001,Yes,No,No,3.89,primary1,6+,Other,Male
EI049,Yes,No,No,1.15,none,3,Other,Male
EI074,No,No,No,0.83,primary2,1,Other,Male
EI013,No,No,No,0.52,primary2,5,Other,Male
EI041,Yes,No,No,0.2,primary1,2,Other,Male
EI047,Yes,No,Yes,0.56,primary1,3,Other,Male
EI046,Yes,No,Yes,0.44,primary1,3,Other,Male
EI007,Yes,No,No,0.64,primary2,4,Other,Male
EI024,Yes,No,No,0.2,primary1,3,Other,Male
EI045,Yes,No,No,2.88,primary2,3,Other,Male
EI044,Yes,No,No,5.25,secondary,6+,Other,Male
EI042,Yes,No,No,2.797,primary2,3,Other,Male
EI040,Yes,No,No,3.95,secondary,2,Other,Male
EI039,No,Yes,Yes,0.75,primary1,,Other,Male
EI038,No,Yes,No,0.56,primary1,4,Other,Male
EI037,Yes,No,No,0.52,primary2,2,Other,Male
EI031,Yes,Yes,Yes,4.16,secondary,5,Other,Male
EI043,No,No,No,1.43,primary2,2,Other,Male
EI036,No,No,No,2.555,primary1,2,Other,Male
EI027,Yes,No,No,0.24,none,1,Other,Female
EI029,Yes,No,No,1.4,secondary,5,Other,Male
EI028,No,Yes,No,2.88,primary2,6+,Other,Male
EI030,Yes,No,No,4.37,primary2,3,Other,Male
EI032,Yes,No,No,0.28,primary2,3,Other,Male
EI034,Yes,No,No,0.56,primary1,,Other,Male
EI035,Yes,No,No,2.6,none,4,Other,Female
ES027,Yes,No,No,4.11,primary1,6+,Other,Male
ES016,Yes,No,No,1.475,primary1,1,Other,Male
ES017,Yes,Yes,No,2.19,primary2,5,Other,Female
ES018,Yes,No,No,4.85,secondary,2,Other,Male
ES020,Yes,Yes,Yes,4.19,primary2,4,Other,Female
ES022,No,No,No,4.41,primary1,5,Other,Female
ES023,Yes,No,No,4.19,primary2,2,Other,Female
ES024,Yes,Yes,Yes,1.035,secondary,2,Other,Male
ES035,Yes,No,No,3.99,primary1,5,Other,Male
ES026,No,No,No,2.52,primary2,3,Other,Male
ES028,No,No,No,3.85,none,3,Other,Female
ES015,Yes,Yes,Yes,4.19,primary2,2,Other,Female
ES019,Yes,Yes,Yes,4.29,primary1,4,Other,Male
ES025,Yes,Yes,Yes,1.009,other,2,Other,Male
ES002,No,No,No,2.19,primary2,5,Other,Female
ES013,Yes,No,No,1.75,primary1,3,Other,Female
ES012,Yes,Yes,Yes,3.83,primary2,5,Other,Male
ES011,Yes,Yes,Yes,2.31,secondary,2,Other,Female
ES014,No,Yes,Yes,4.49,secondary,4,Other,Male
ES010,No,No,No,3.895,primary1,4,Other,Male
ES021,Yes,No,No,0,none,3,Other,Male
ES009,No,No,No,1.83,primary2,4,Other,Male
ES008,No,Yes,Yes,4.19,secondary,3,Other,Female
ES007,Yes,No,Yes,4.18,primary2,,Other,Female
ES006,Yes,Yes,Yes,4.11,primary1,5,Other,Male
ES005,Yes,Yes,Yes,2.07,primary2,2,Other,Female
ES004,Yes,Yes,Yes,4.11,primary1,2,Other,Male
ES003,No,No,No,4.25,secondary,2,Other,Female
LU064,No,Yes,No,1.43,primary2,1,Luo,Male
LU066,Yes,Yes,Yes,0.58,primary2,2,Luo,Male
LU067,Yes,Yes,No,0.28,primary2,2,Luo,Male
LU061,No,No,Yes,0,none,1,Luo,Female
LU024,Yes,Yes,Yes,0.94,primary2,3,Luo,Male
LU073,No,No,Yes,0.36,none,2,Luo,Male
LU072,No,Yes,Yes,0.58,primary2,2,Luo,Male
LU071,No,No,Yes,0.58,primary2,2,Luo,Male
LU069,No,Yes,Yes,0.855,primary2,1,Luo,Female
LU068,No,Yes,Yes,1.37,primary2,2,Luo,Male
LU074,No,No,No,0.855,primary2,2,Luo,Male
LU017,Yes,Yes,Yes,1.22,primary2,2,Luo,Male
LU031,Yes,No,Yes,0.675,secondary,4,Luo,Male
LU030,No,Yes,Yes,0.88,primary2,2,Luo,Female
LU029,No,Yes,Yes,2.275,none,1,Luo,Female
LU028,No,No,No,0.36,none,2,Luo,Male
LU027,No,Yes,Yes,3.25,secondary,2,Luo,Male
LU025,No,Yes,No,2.975,secondary,2,Luo,Male
LU023,Yes,Yes,Yes,0,none,1,Luo,Female
LU022,Yes,Yes,No,0.76,secondary,2,Luo,Male
LU060,No,Yes,Yes,0.83,primary2,2,Luo,Male
LU020,Yes,Yes,Yes,0.3,none,1,Luo,Female
LU032,Yes,Yes,Yes,0.85,none,1,Luo,Female
LU018,No,Yes,No,0.94,primary2,2,Luo,Male
LU016,Yes,No,Yes,1.095,primary2,2,Luo,Male
LU013,Yes,Yes,Yes,0.2,primary1,1,Luo,Female
LU012,Yes,No,Yes,2.85,none,3,Luo,Male
LU005,Yes,Yes,Yes,1.45,secondary,2,Luo,Male
LU004,Yes,Yes,Yes,2.25,secondary,2,Luo,Male
LU003,Yes,Yes,Yes,0.55,none,1,Luo,Female
LU001,Yes,Yes,Yes,1.58,primary2,1,Luo,Female
LU026,No,Yes,Yes,0.28,primary2,2,Luo,Male
LU057,Yes,Yes,Yes,0,none,1,Luo,Female
LU019,Yes,Yes,Yes,1,secondary,3,Luo,Male
LU058,Yes,Yes,No,0.55,none,1,Luo,Female
LU033,No,Yes,Yes,1.13,primary2,2,Luo,Male
LU056,Yes,No,No,1.43,primary2,2,Luo,Male
LU055,No,Yes,Yes,3.37,primary2,2,Luo,Male
LU052,No,Yes,Yes,0.515,none,2,Luo,Male
LU051,No,No,No,0.275,none,1,Luo,Female
LU050,No,Yes,No,2.83,primary2,2,Luo,Male
LU049,Yes,Yes,No,0.7,secondary,2,Luo,Male
LU048,No,No,No,0,none,1,Luo,Female
LU047,Yes,Yes,Yes,0.4,secondary,3,Luo,Male
LU046,No,No,No,3.25,secondary,1,Luo,Female
LU045,No,Yes,Yes,1,none,2,Luo,Female
LU035,No,No,Yes,2.7,secondary,2,Luo,Male
LU059,No,No,No,3.85,secondary,2,Luo,Male
LU044,No,No,No,0.95,secondary,2,Luo,Male
LU034,No,Yes,Yes,3.13,primary2,2,Luo,Male
LU036,No,Yes,Yes,0.8,primary1,2,Luo,Male
LU037,No,Yes,No,0,none,1,Luo,Male
LU038,No,Yes,No,3.35,primary1,2,Luo,Female
LU039,No,No,No,4.25,secondary,4,Luo,Male
LU040,No,No,No,0.64,none,2,Luo,Female
LU041,No,Yes,Yes,0.975,secondary,2,Luo,Male
LU043,No,Yes,Yes,2.6,none,1,Luo,Female
LU042,No,Yes,Yes,2.7,secondary,2,Luo,Male
MA039,No,No,Yes,4.25,secondary,2,Luo,Male
MA046,No,No,No,0,none,1,Luo,Female
MA045,No,No,No,0.28,primary2,2,Luo,Male
MA044,No,No,No,2.43,primary2,3,Luo,Male
MA043,No,No,No,0.9,none,3,Luo,Female
MA038,No,No,No,3.95,secondary,1,Luo,Male
MA040,No,No,No,3.935,none,1,Luo,Female
MA037,No,No,No,1.175,none,4,Luo,Male
MA047,No,No,No,3.43,primary2,2,Luo,Male
MA058,No,No,No,2.13,primary2,2,Luo,Male
MA036,No,No,No,0.83,primary2,1,Luo,Female
MA042,No,No,No,0.49329,primary2,2,Luo,Male
MA048,No,Yes,Yes,0.555,primary2,2,Luo,Male
MA050,No,Yes,Yes,0.855,primary2,,Luo,Male
MA051,No,No,Yes,0.28,primary2,2,Luo,Male
MA052,No,No,No,3.455,primary2,,Luo,Male
MA054,No,No,No,2.18,primary2,2,Luo,Male
MA057,No,No,No,1.855,primary2,3,Luo,Male
MA059,No,No,No,3.07,primary2,1,Luo,Female
MA060,No,No,No,0.795,primary2,1,Luo,Male
MA061,No,No,Yes,0.275,none,3,Luo,Male
MA035,No,Yes,No,0.4664,other,1,Luo,Female
MA053,No,No,No,1.855,primary2,2,Luo,Male
MA056,No,No,No,0.855,primary2,2,Luo,Male
MA014,No,Yes,Yes,1.555,primary2,1,Luo,Female
MA055,No,No,No,1.49,primary2,2,Luo,Male
MA034,No,No,No,0.915,primary2,2,Luo,Male
MA003,Yes,Yes,Yes,1.43,primary2,3,Luo,Male
MA004,No,No,No,2.2,primary1,5,Luo,Male
MA007,Yes,No,Yes,2.25,none,2,Luo,Male
MA009,Yes,No,Yes,0.3,none,6+,Luo,Female
MA012,No,No,No,0.83,primary2,1,Luo,Male
MA015,No,No,No,1.37,primary2,2,Luo,Male
MA017,No,No,Yes,2.215,primary2,1,Luo,Female
MA018,No,No,No,0.95,secondary,2,Luo,Male
MA033,No,No,Yes,1,none,1,Luo,Female
MA032,No,No,No,2.19,secondary,3,Luo,Male
MA019,No,Yes,No,0.855,primary2,3,Luo,Male
MA029,No,No,Yes,0.83,primary2,2,Luo,Male
MA028,No,No,No,0.24,none,1,Luo,Female
MA027,No,No,Yes,0.83,primary2,2,Luo,Male
MA026,No,No,No,0.83,primary2,1,Luo,Male
MA025,No,Yes,Yes,1.095,primary2,2,Luo,Male
MA024,No,No,No,0,none,1,Luo,Female
MA022,No,No,No,0.55,none,1,Luo,Female
MA021,No,Yes,Yes,1.555,primary2,1,Luo,Female
MA020,No,Yes,Yes,0.915,primary2,2,Luo,Male
NY082,No,No,No,0,none,1,Luo,Female
NY088,No,No,No,3,none,6+,Luo,Male
NY081,No,No,No,0.555,primary2,2,Luo,Female
NY098,No,No,No,3,none,2,Luo,Male
NY084,No,No,No,0.52,primary2,2,Luo,Female
NY080,No,No,No,2.275,none,4,Luo,Male
NY085,No,No,No,1.1,primary1,3,Luo,Male
NY078,No,No,No,3.275,none,2,Luo,Female
NY087,No,No,No,0.6,none,5,Luo,Male
NY079,No,No,No,4.43,primary2,5,Luo,Female
NY083,No,No,Yes,2.79,none,2,Luo,Female
NY090,No,No,No,0.2,primary1,3,Luo,Male
NY091,No,No,No,2.675,secondary,4,Luo,Male
NY092,No,No,No,3.24,none,5,Luo,Male
NY093,No,No,No,0.28,primary2,2,Luo,Male
NY095,No,No,No,2.8,primary1,3,Luo,Male
NY099,No,No,No,0.52,primary2,4,Luo,Male
NY100,No,No,No,4.055,primary2,4,Luo,Male
NY101,No,No,No,3.07,primary2,2,Luo,Male
NY003,Yes,Yes,Yes,1.19,primary2,6+,Luo,Female
NY077,No,No,No,1,none,2,Luo,Male
NY061,No,No,No,2.88,primary2,2,Luo,Female
NY102,No,Yes,No,0,none,1,Luo,Female
NY004,Yes,Yes,Yes,2.7,secondary,2,Luo,Male
NY094,No,No,No,4.75,secondary,2,Luo,Male
NY065,No,Yes,Yes,3.07,primary2,6+,Luo,Male
NY037,Yes,Yes,No,0.7,secondary,1,Luo,Male
NY103,No,No,No,3.275,none,2,Luo,Male
NY053,No,Yes,No,3.795,primary2,2,Luo,Male
NY054,No,Yes,Yes,3.425,secondary,2,Luo,Male
NY055,Yes,No,No,3.83,primary2,2,Luo,Male
NY056,Yes,Yes,No,1.75,primary1,2,Luo,Female
NY057,Yes,No,No,0.515,none,5,Luo,Male
NY058,No,Yes,Yes,0.28,primary2,2,Luo,Male
NY059,No,No,No,3.46,primary1,3,Luo,Male
NY060,Yes,Yes,No,2,none,1,Luo,Female
NY063,Yes,No,Yes,0.75,primary1,6+,Luo,Male
NY064,Yes,Yes,Yes,0.85,none,3,Luo,Male
NY076,No,Yes,Yes,4.61,secondary,5,Luo,Male
NY066,No,No,Yes,0.55,none,3,Luo,Male
NY067,No,No,No,0.83,primary2,2,Luo,Male
NY068,Yes,Yes,No,2.55,none,6+,Luo,Male
NY069,Yes,Yes,Yes,0.555,primary2,2,Luo,Male
NY070,No,No,No,2.58,primary2,2,Luo,Male
NY071,No,No,No,1.36,none,1,Luo,Female
NY072,No,No,No,1.24,none,1,Luo,Female
NY073,No,No,Yes,0.675,secondary,6+,Luo,Male
NY074,No,No,No,1.93,primary2,2,Luo,Female
NY075,No,No,No,3.75,primary1,3,Luo,Male
NY062,Yes,Yes,Yes,0.2,primary1,6+,Luo,Male
NY044,Yes,Yes,No,0.28,primary2,6+,Luo,Male
NY035,Yes,Yes,No,0.28,primary2,2,Luo,Male
NY030,Yes,Yes,Yes,2.36,none,2,Luo,Male
NY031,No,No,No,3.83,primary2,6+,Luo,Male
NY032,No,Yes,No,0.515,none,4,Luo,Male
NY033,Yes,No,Yes,4.15,none,6+,Luo,Male
NY036,Yes,Yes,No,0.58,primary2,1,Luo,Male
NY038,Yes,Yes,Yes,2.9,none,5,Luo,Female
NY039,No,No,No,2,none,3,Luo,Female
NY040,No,No,No,0.52,primary2,2,Luo,Male
NY041,No,Yes,No,3.35,primary1,2,Luo,Female
NY028,No,No,No,0.64,primary2,2,Luo,Male
NY043,Yes,Yes,Yes,2.7,secondary,3,Luo,Female
NY027,Yes,Yes,Yes,0.2,primary1,2,Luo,Male
NY045,No,Yes,No,2.28,primary2,3,Luo,Male
NY046,Yes,No,No,1.75,primary1,2,Luo,Male
NY010,No,No,No,1.13,primary2,4,Luo,Female
NY009,Yes,Yes,No,0.2,primary1,2,Luo,Male
NY008,No,Yes,Yes,3.13,primary2,2,Luo,Male
NY007,Yes,Yes,No,0,none,5,Luo,Male
NY006,Yes,No,No,0.2,primary1,4,Luo,Male
NY005,No,Yes,No,2.85,none,2,Luo,Female
NY190,No,No,No,0.58,primary2,2,Luo,Male
NY052,No,No,No,0.52,primary2,2,Luo,Male
NY042,Yes,Yes,No,0.83,primary2,2,Luo,Male
NY015,Yes,Yes,No,0.83,primary2,5,Luo,Male
NY106,No,No,No,3.99,primary2,4,Luo,Male
NY107,No,Yes,Yes,1.52,primary2,2,Luo,Male
NY108,No,No,Yes,3.325,secondary,2,Luo,Male
NY109,No,No,No,0.2,primary1,2,Luo,Male
NY110,No,No,No,2.56,primary1,3,Luo,Male
NY111,No,No,No,3.56,primary1,1,Luo,Female
NY113,No,No,No,2.28,primary2,1,Luo,Female
NY116,No,No,No,0,none,1,Luo,Female
NY117,No,No,No,0.4,secondary,2,Luo,Male
NY118,No,No,No,1.24,none,3,Luo,Female
NY029,Yes,Yes,Yes,0,none,2,Luo,Male
NY014,Yes,Yes,No,0,none,6+,Luo,Female
NY104,No,No,No,2.83,primary2,4,Luo,Male
NY017,No,Yes,No,0.56,primary1,6+,Luo,Male
NY018,Yes,No,Yes,0.75,primary1,6+,Luo,Male
NY019,No,No,No,1.25,secondary,4,Luo,Male
NY020,No,Yes,Yes,4.095,primary2,6+,Luo,Female
NY021,No,Yes,Yes,4.15,none,1,Luo,Male
NY022,Yes,Yes,No,0.28,primary2,2,Luo,Male
NY023,No,Yes,Yes,2.675,secondary,3,Luo,Male
NY024,No,No,No,0.875,none,5,Luo,Male
NY025,No,No,No,0,none,3,Luo,Female
NY026,No,No,No,1.07,primary2,2,Luo,Male
NY013,No,Yes,No,0.2,primary1,6+,Luo,Female
NY157,No,No,No,2.95,secondary,2,Luo,Male
NY181,No,Yes,Yes,0.64,primary2,4,Luo,Male
NY179,No,No,No,2.2,primary1,2,Luo,Male
NY178,No,No,No,4.63,primary2,3,Luo,Male
NY175,No,No,No,2.7,secondary,2,Luo,Male
NY170,No,Yes,No,0.91,none,4,Luo,Male
NY169,No,No,No,3.52,primary2,2,Luo,Male
NY168,No,No,No,2.66,none,2,Luo,Female
NY165,No,Yes,No,3.555,primary2,3,Luo,Male
NY141,No,No,No,3.635,none,3,Luo,Male
NY158,No,No,No,2.315,secondary,4,Luo,Male
NY185,No,No,No,3.455,primary2,2,Luo,Male
NY155,No,No,No,1.4,secondary,2,Luo,Male
NY154,No,No,No,1.4,secondary,3,Luo,Male
NY153,No,No,No,3.4,secondary,2,Luo,Male
NY152,No,No,No,0.4,secondary,2,Luo,Male
NY151,No,No,No,1.36,none,2,Luo,Male
NY148,No,No,No,3.28,primary2,2,Luo,Male
NY172,No,No,No,3.24,none,1,Luo,Female
NY145,No,No,No,1,none,1,Luo,Female
NY164,No,No,No,2.36,none,1,Luo,Female
NY207,No,No,No,1.152515,none,2,Luo,Male
NY204,No,No,No,2.64,primary2,2,Luo,Male
NY203,No,No,No,3.19,primary2,2,Luo,Male
NY202,No,No,No,2.855,primary2,2,Luo,Male
NY201,No,No,No,0.555,primary2,2,Luo,Male
NY200,No,No,No,1.75,primary1,5,Luo,Male
NY199,No,No,No,0.157795,none,2,Luo,Female
NY182,No,No,No,3.74,primary1,5,Luo,Male
NY197,No,No,No,2,none,1,Luo,Female
NY184,No,Yes,No,1.2,primary1,2,Luo,Male
NY195,No,No,No,2.2,primary1,3,Luo,Male
NY194,No,No,No,3.475,primary1,5,Luo,Male
NY193,No,No,No,1.55,none,4,Luo,Male
NY191,No,No,No,3.855,primary2,2,Luo,Male
NY188,No,No,No,0.83,primary2,2,Luo,Male
NY187,No,No,No,0.715,primary1,1,Luo,Male
NY186,No,No,Yes,3,none,6+,Luo,Male
NY147,No,Yes,No,0.28,primary2,1,Luo,Female
NY198,No,No,Yes,0.915,primary2,2,Luo,Male
NY120,No,No,No,3.64,secondary,3,Luo,Female
NY149,No,No,Yes,3.475,primary1,3,Luo,Male
NY139,No,No,No,2.77504,other,4,Luo,Female
NY119,No,No,No,0.2,primary1,3,Luo,Female
NY050,No,No,No,0.44,primary1,2,Luo,Female
NY048,No,No,No,0.55,none,4,Luo,Male
NY001,Yes,Yes,No,1.1917,none,6+,Luo,Male
NY002,No,No,No,0.58,primary2,5,Luo,Male
NY192,No,No,Yes,2.275,none,2,Luo,Female
NY125,No,No,No,1.475,primary1,2,Luo,Male
NY126,No,No,No,2.7,secondary,1,Luo,Male
NY127,No,No,No,3.88,primary2,1,Luo,Female
NY135,No,Yes,No,0.2,primary1,1,Luo,Female
NY129,No,No,No,3.52,primary2,1,Luo,Female
NY130,No,No,No,3.88,primary2,5,Luo,Male
NY131,No,No,No,2.28,primary2,2,Luo,Male
NY132,No,No,No,3.28,primary2,3,Luo,Male
NY133,No,Yes,Yes,1.75,primary1,2,Luo,Male
NY134,No,No,No,4,secondary,2,Luo,Male
NY128,No,No,No,4.44,secondary,5,Luo,Male
NY136,No,No,No,0.28,primary2,3,Luo,Male
NY138,No,No,No,2.88,primary2,5,Luo,Male
SA027,Yes,Yes,No,0.91,none,5,Luo,Male
SA028,Yes,Yes,No,1.58,primary2,2,Luo,Male
SA029,Yes,Yes,Yes,4.25,secondary,2,Luo,Male
SA030,Yes,Yes,Yes,2.74,primary1,2,Luo,Male
SA031,Yes,Yes,Yes,2.11,primary1,6+,Luo,Male
SA032,No,No,Yes,0.55,none,2,Luo,Male
SA006,No,No,No,3.11,primary1,3,Luo,Female
SA005,No,Yes,Yes,2,none,6+,Luo,Female
SA026,Yes,Yes,Yes,1.5,primary1,2,Luo,Male
SA015,Yes,Yes,No,0.58,primary2,4,Luo,Male
SA148,No,No,No,4.29,primary1,1,Luo,Female
SA016,Yes,Yes,Yes,4.85,secondary,2,Luo,Female
SA004,Yes,Yes,No,1.75,primary1,4,Luo,Female
SA010,No,Yes,No,1.56,primary1,4,Luo,Male
SA009,Yes,Yes,Yes,1.82,primary2,3,Luo,Male
SA008,Yes,Yes,No,2.58,primary2,5,Luo,Female
SA007,Yes,Yes,No,1.28,primary2,4,Luo,Male
SA012,Yes,Yes,Yes,1.58,primary2,4,Luo,Male
SA017,Yes,Yes,Yes,2.55,none,3,Luo,Male
SA014,Yes,Yes,No,1.07,primary2,6+,Luo,Male
SA025,Yes,Yes,Yes,3.592,primary2,3,Luo,Male
SA018,Yes,Yes,No,3.55,none,3,Luo,Male
SA020,Yes,No,No,1.58,primary2,6+,Luo,Male
SA021,Yes,Yes,No,0,none,2,Luo,Female
SA022,Yes,Yes,No,3,none,2,Luo,Male
SA023,Yes,Yes,No,0,none,4,Luo,Female
SA024,Yes,No,No,4.73,primary2,6+,Luo,Male
SA033,No,Yes,No,0.55,none,3,Luo,Male
SA056,No,No,No,0.8924,primary2,2,Luo,Female
SA071,No,No,No,2.94,primary2,2,Luo,Male
SA070,No,Yes,No,1.11,primary1,6+,Luo,Male
SA069,No,No,No,0.675,secondary,1,Luo,Male
SA068,No,No,No,0.555,primary2,1,Luo,Male
SA067,Yes,No,No,0.555,primary2,2,Luo,Male
SA066,No,No,Yes,0.4,secondary,3,Luo,Male
SA065,Yes,No,No,2.44,primary1,5,Luo,Male
SA064,No,No,No,0.675,secondary,2,Luo,Male
SA063,Yes,Yes,No,0.675,secondary,1,Luo,Male
SA062,No,No,No,3.35,primary1,3,Luo,Male
SA061,No,Yes,Yes,0.64,primary2,3,Luo,Male
SA060,Yes,Yes,No,0.4,secondary,2,Luo,Male
SA059,No,No,No,0.715,primary1,3,Luo,Male
SA149,No,No,No,2.28,primary2,1,Luo,Female
SA050,Yes,No,No,0.74,primary1,3,Luo,Male
SA002,Yes,Yes,No,0.28,primary2,1,Luo,Female
SA001,Yes,Yes,Yes,0.3,none,3,Luo,Female
SA147,No,No,No,1.29,primary1,1,Luo,Female
SA150,No,No,No,2.28,primary2,2,Luo,Female
SA058,No,No,No,0.2,primary1,2,Luo,Male
SA152,No,No,No,2,none,1,Luo,Female
SA057,No,No,No,0.715,primary1,3,Luo,Female
SA051,No,No,No,4.25,secondary,6+,Luo,Male
SA052,No,No,No,2.3,none,2,Luo,Male
SA053,No,Yes,No,2.58,primary2,3,Luo,Male
SA054,Yes,Yes,No,1.3,none,6+,Luo,Male
SA055,No,No,No,3.6056,secondary,4,Luo,Male
SA003,Yes,Yes,No,4.13,primary2,6+,Luo,Male
SA013,Yes,Yes,No,0.7,secondary,2,Luo,Male
SA106,No,No,No,4,primary1,2,Luo,Male
SA091,No,No,No,3.95,secondary,2,Luo,Male
SA092,No,No,No,0,none,2,Luo,Male
SA093,No,No,No,3.55,none,2,Luo,Female
SA094,No,No,No,2.54,none,1,Luo,Female
SA095,No,No,No,4.72,primary2,3,Luo,Male
SA096,No,No,No,3.95,secondary,1,Luo,Male
SA097,No,No,No,2.24,none,5,Luo,Female
SA098,No,No,Yes,0.79,none,2,Luo,Male
SA100,No,No,No,2.8,primary1,2,Luo,Female
SA101,No,Yes,No,2.95,secondary,3,Luo,Male
SA102,No,Yes,No,0.28,primary2,4,Luo,Male
SA103,No,No,No,2.85,none,1,Luo,Female
SA090,No,Yes,No,0.95,secondary,2,Luo,Male
SA105,No,No,No,3.155,primary2,3,Luo,Female
SA113,No,No,No,3.11,primary1,5,Luo,Male
SA115,No,No,No,2.975,secondary,4,Luo,Male
SA119,No,No,No,1.85,none,2,Luo,Male
SA121,No,No,No,0,none,1,Luo,Female
SA127,No,No,No,2,none,1,Luo,Male
SA129,No,No,No,0.475,primary1,3,Luo,Female
SA132,No,No,No,2.6,none,2,Luo,Female
SA133,No,No,Yes,2.835,primary1,2,Luo,Female
SA134,Yes,No,No,2.44,primary1,1,Luo,Male
SA137,No,No,No,3.215,primary2,6+,Luo,Male
SA139,No,Yes,No,3.83,primary2,4,Luo,Male
SA141,No,Yes,No,1.1,primary1,1,Luo,Female
SA011,Yes,Yes,Yes,1.6,none,6+,Luo,Male
SA104,No,No,No,0.75,primary1,2,Luo,Male
SA042,No,No,No,0.85,none,6+,Luo,Female
SA118,No,No,No,1.3,none,3,Luo,Female
SA087,No,Yes,No,2.74,primary1,4,Luo,Male
SA037,Yes,Yes,No,4.25,secondary,3,Luo,Male
SA038,Yes,No,No,1.855,primary2,5,Luo,Male
SA039,Yes,Yes,No,1.3,none,1,Luo,Female
SA041,Yes,Yes,No,1.58,primary2,2,Luo,Male
SA043,Yes,Yes,No,0.85,none,2,Luo,Female
SA044,No,Yes,No,0.55,none,6+,Luo,Female
SA045,Yes,Yes,No,0.55,none,6+,Luo,Female
SA046,No,No,No,0.83,primary2,2,Luo,Male
SA048,No,No,No,3.11,secondary,6+,Luo,Male
SA049,No,No,No,2.64,primary2,4,Luo,Male
SA080,No,No,No,2,none,1,Luo,Female
SA086,No,Yes,No,3.98,primary2,3,Luo,Male
SA085,No,Yes,Yes,3.28,primary2,1,Luo,Male
SA040,Yes,Yes,No,2.13,primary2,6+,Luo,Male
SA072,No,No,No,0.2,primary1,1,Luo,Female
SA084,No,No,No,2.5,primary1,2,Luo,Female
SA081,No,No,No,2.2,primary1,1,Luo,Female
SA079,No,Yes,No,3.155,primary2,3,Luo,Male
SA078,No,No,Yes,2.28,primary2,2,Luo,Male
SA077,No,Yes,Yes,2.475,primary1,3,Luo,Male
SA076,No,No,No,0.795,primary2,4,Luo,Female
SA074,No,Yes,No,0.715,primary1,3,Luo,Male
SA073,Yes,Yes,No,3.11,primary1,1,Luo,Female
SA083,Yes,Yes,No,1.75,primary1,5,Luo,Male
SR089,No,No,No,1.6,none,1,Luo,Female
SR086,No,No,Yes,1.28,primary2,3,Luo,Male
SR083,No,No,No,0.835,primary1,2,Luo,Female
SR082,No,No,No,3.79,none,3,Luo,Female
SR081,Yes,Yes,Yes,0.64,primary2,1,Luo,Male
SR080,No,Yes,Yes,3.4,secondary,4,Luo,Male
SR079,No,No,No,0.795,primary2,2,Luo,Male
SR063,No,No,No,0.44,primary1,2,Luo,Male
SR076,No,No,No,0.75,primary1,2,Luo,Male
SR099,No,No,No,0.2,primary1,1,Luo,Male
SR074,No,Yes,No,1.28,primary2,2,Luo,Male
SR073,No,Yes,Yes,3.83,primary2,1,Luo,Female
SR072,No,No,No,1.2,primary1,2,Luo,Male
SR069,No,No,Yes,2.875,none,2,Luo,Male
SR068,No,No,Yes,1.275,none,1,Luo,Male
SR067,No,No,No,4.18,primary2,5,Luo,Female
SR066,No,No,No,0.275,none,3,Luo,Female
SR064,No,No,No,1.24,none,3,Luo,Female
SR077,No,No,No,3.06,secondary,1,Luo,Male
SR112,No,No,No,4.05,primary1,1,Luo,Female
SR113,No,No,No,1.555,primary2,2,Luo,Male
SR114,No,Yes,No,3.13,primary2,3,Luo,Male
SR115,No,No,No,0,none,1,Luo,Female
SR119,Yes,Yes,Yes,3.455,primary2,2,Luo,Male
SR121,No,No,Yes,1.2,primary1,1,Luo,Female
SR123,No,No,No,4.25,secondary,2,Luo,Male
SR091,No,No,No,1.28,primary2,2,Luo,Male
SR021,Yes,Yes,Yes,1.52,primary2,1,Luo,Female
SR094,No,No,No,3.95,secondary,2,Luo,Female
SR111,No,No,No,3.75,primary1,1,Luo,Female
SR110,No,No,No,1.1,primary1,5,Luo,Male
SR107,No,No,No,1.2,none,1,Luo,Female
SR106,No,No,No,1.13,primary2,2,Luo,Male
SR105,No,No,No,0.64,primary2,2,Luo,Male
SR104,No,No,No,1.25,secondary,2,Luo,Male
SR100,No,Yes,No,3.475,primary1,6+,Luo,Female
SR085,No,No,No,1.44,primary1,2,Luo,Male
SR124,No,No,No,1.44,primary1,2,Luo,Male
SR087,No,No,No,2.83,primary2,1,Luo,Male
SR031,No,Yes,No,1,none,1,Luo,Female
SR004,Yes,No,No,1.43,primary2,2,Luo,Male
SR026,No,Yes,No,0.88,primary2,2,Luo,Male
SR009,Yes,Yes,Yes,3.82,primary2,4,Luo,Male
SR024,Yes,No,No,0,none,2,Luo,Male
SR023,No,Yes,Yes,4.725,primary1,2,Luo,Female
SR022,Yes,Yes,No,1.79,none,1,Luo,Female
SR032,No,Yes,No,3.99,primary1,2,Luo,Female
SR028,No,Yes,No,4.13,primary2,1,Luo,Male
SR007,Yes,No,No,1.155,primary2,2,Luo,Male
SR020,Yes,Yes,Yes,0,none,1,Luo,Female
SR019,Yes,No,No,1.835,primary1,4,Luo,Male
SR018,Yes,Yes,Yes,1.58,primary2,3,Luo,Female
SR017,Yes,No,No,2.11,primary1,2,Luo,Female
SR014,Yes,Yes,Yes,1.64,primary2,3,Luo,Male
SR010,Yes,No,Yes,3.55,secondary,1,Luo,Male
SR008,Yes,Yes,No,0.5,primary1,3,Luo,Male
SR001,Yes,Yes,Yes,4.73,primary2,2,Luo,Female
SR102,No,No,Yes,1.28,primary2,1,Luo,Male
SR061,No,No,No,0.2,primary1,2,Luo,Male
SR058,No,Yes,Yes,1.64,primary2,2,Luo,Male
SR057,No,No,No,2.25,secondary,2,Luo,Male
SR056,No,Yes,No,0.95,secondary,2,Luo,Male
SR055,Yes,No,No,2.88,primary2,3,Luo,Male
SR050,No,No,No,3.155,primary2,2,Luo,Male
SR049,No,No,No,0.36,none,1,Luo,Female
SR025,No,Yes,Yes,3.7,secondary,2,Luo,Male
SR048,No,Yes,No,1.28,primary2,3,Luo,Female
SR035,No,No,No,2.635,none,2,Luo,Male
SR036,No,No,No,3.55,none,1,Luo,Male
SR037,No,No,Yes,1.44,primary1,2,Luo,Male
SR047,No,Yes,Yes,1.58,primary2,4,Luo,Male
SR044,No,No,No,0.36,none,2,Luo,Female
SR043,No,No,No,1.28,primary2,1,Luo,Female
SR042,No,No,No,0.44,primary1,2,Luo,Male
SR038,No,No,No,3.56,primary1,2,Luo,Male
SR041,No,No,Yes,0.2,primary1,1,Luo,Male
SO022,No,No,No,0.83,primary2,2,Luo,Male
SO005,Yes,Yes,Yes,0.83,primary2,2,Luo,Male
SO013,Yes,Yes,Yes,2.82,primary2,3,Luo,Female
SO027,No,No,No,0.8,primary1,2,Luo,Female
SO021,No,No,No,0.91,none,1,Luo,Male
SO020,No,No,No,4.25,secondary,2,Luo,Male
SO031,No,No,No,3.49,secondary,2,Luo,Male
SO019,No,No,No,0.95,secondary,2,Luo,Male
SO018,No,Yes,No,4.73,primary2,1,Luo,Female
SO012,Yes,No,Yes,3.3,secondary,3,Luo,Male
SO011,Yes,No,Yes,2.975,secondary,3,Luo,Male
SO010,Yes,No,Yes,2.94,primary2,3,Luo,Male
SO009,Yes,Yes,Yes,2.9,none,1,Luo,Female
SO006,Yes,Yes,Yes,0.36,none,1,Luo,Female
SO004,No,Yes,Yes,2,none,3,Luo,Female
SO056,No,No,No,2.5,primary1,2,Luo,Female
SO003,Yes,No,No,1.52,primary2,3,Luo,Female
SO002,Yes,No,Yes,0.5,primary1,2,Luo,Male
SO007,No,No,No,1.28,primary2,4,Luo,Female
SO051,Yes,Yes,Yes,2.915,primary2,3,Luo,Male
SO028,No,No,No,2.3,none,1,Luo,Female
SO001,No,No,Yes,4.25,secondary,2,Luo,Male
SO025,Yes,Yes,Yes,4.135,other,,Luo,Female
SO023,No,No,No,0.4,secondary,2,Luo,Male
SO058,No,No,No,2.3,none,1,Luo,Female
SO059,No,No,No,2.58,primary2,2,Luo,Male
SO055,No,No,No,3.34,primary2,2,Luo,Male
SO054,No,No,No,2.4,secondary,2,Luo,Male
SO052,No,No,No,0.28,primary2,2,Luo,Male
SO035,No,No,No,0.8168,other,1,Luo,Male
SO049,No,Yes,No,1.19,primary2,1,Luo,Male
SO048,No,No,No,0.58,primary2,2,Luo,Male
SO047,No,No,No,0.915,primary2,1,Luo,Female
SO046,No,No,No,0.91,none,2,Luo,Male
SO045,No,Yes,Yes,4.8,secondary,2,Luo,Male
SO043,No,Yes,Yes,0.381355,other,1,Luo,Male
SO040,No,Yes,No,0.83,primary2,2,Luo,Female
SO053,No,No,Yes,0.515,none,1,Luo,Female
SO033,No,No,No,0,none,1,Luo,Female
YA078,No,No,No,2.18,primary2,2,Luo,Male
YA065,No,No,No,1.95,secondary,2,Luo,Male
YA066,No,No,No,4.3,secondary,5,Luo,Male
YA064,No,No,No,3.52,primary2,1,Luo,Male
YA083,No,No,No,1.2,primary1,2,Luo,Female
YA075,No,No,No,4.22,primary2,3,Luo,Male
YA080,No,No,No,1.6,none,1,Luo,Female
YA069,No,No,No,1.5,primary1,2,Luo,Male
YA077,No,No,No,1.2,primary1,2,Luo,Male
YA076,No,No,No,1,secondary,2,Luo,Male
YA074,No,No,No,0.64,primary2,2,Luo,Male
YA071,No,No,No,1,none,2,Luo,Male
YA070,No,No,No,2.215,primary2,2,Luo,Male
YA082,No,No,No,0.64,primary2,2,Luo,Male
YA099,No,No,No,3.8,primary1,2,Luo,Male
YA019,No,No,No,1.2,primary1,2,Luo,Male
YA062,No,No,No,2.13,primary2,1,Luo,Male
YA109,No,No,No,3.28,primary2,2,Luo,Male
YA108,No,No,No,4.215,primary2,2,Luo,Male
YA107,No,No,No,2.1,primary1,2,Luo,Female
YA106,No,No,No,2.13,primary2,1,Luo,Female
YA105,No,No,No,4.49,primary2,1,Luo,Female
YA104,No,No,No,1.58,primary2,4,Luo,Female
YA103,No,No,No,0.5,primary1,2,Luo,Male
YA100,No,No,No,0.28,primary2,2,Luo,Male
YA084,No,No,No,1.52,primary2,2,Luo,Male
YA098,No,No,No,1.8,primary1,2,Luo,Male
YA096,No,No,No,1.82,primary2,2,Luo,Male
YA095,No,No,No,1.56,primary1,2,Luo,Female
YA094,No,No,No,0.7,secondary,3,Luo,Male
YA093,No,Yes,No,1,secondary,3,Luo,Male
YA092,No,No,No,0.58,primary2,2,Luo,Male
YA091,No,No,No,1.855,primary2,2,Luo,Male
YA087,No,No,No,1.58,primary2,2,Luo,Male
YA102,No,No,No,1.915,primary2,2,Luo,Male
YA026,No,No,Yes,1.2,primary1,1,Luo,Female
YA016,No,No,No,1.58,primary2,2,Luo,Male
YA011,No,No,No,1.8,primary1,1,Luo,Female
YA012,No,No,No,1.36,none,2,Luo,Female
YA013,No,No,No,1.28,primary2,1,Luo,Female
YA014,No,No,No,1.86,primary1,1,Luo,Female
YA018,No,No,No,3.44,primary1,1,Luo,Female
YA021,No,No,No,1.83,primary2,3,Luo,Male
YA007,No,No,No,4.485,primary1,6+,Luo,Male
YA025,No,No,Yes,3.13,primary2,2,Luo,Male
YA006,No,No,No,3.88,primary2,2,Luo,Male
YA028,No,No,No,1,none,1,Luo,Female
YA030,No,No,No,1.835,primary1,3,Luo,Female
YA031,No,No,No,4.13,primary2,1,Luo,Female
YA032,No,No,No,0.44,primary1,2,Luo,Male
YA035,No,No,No,3.855,primary2,1,Luo,Female
YA036,No,No,No,1.5,primary1,2,Luo,Male
YA037,No,No,No,0.44,primary1,2,Luo,Male
YA038,No,No,No,2.94,primary2,3,Luo,Male
YA024,No,No,No,2.015,primary1,1,Luo,Female
YA044,No,No,No,0.56,primary1,2,Luo,Male
YA060,No,No,No,1.4,secondary,2,Luo,Male
YA057,No,No,No,1.56,primary1,2,Luo,Male
YA056,No,No,No,3.66,none,2,Luo,Female
YA052,No,No,No,1.64,primary2,2,Luo,Male
YA051,No,No,No,3.2,primary1,2,Luo,Male
YA050,No,No,No,1.555,primary2,2,Luo,Male
YA049,No,No,No,0.52,primary2,2,Luo,Male
YA047,No,No,No,2.075,primary1,2,Luo,Male
YA008,No,No,Yes,3.58,primary2,1,Luo,Female
YA045,No,No,No,0.555,primary2,2,Luo,Male
YA061,No,No,No,1.83,primary2,1,Luo,Male
YA043,No,No,No,0.5,primary1,2,Luo,Male
YA040,No,No,No,2.58,primary2,1,Luo,Male
YA039,No,No,No,1.36,none,2,Luo,Male
YA001,No,No,No,0.55,none,6+,Luo,Male
YA002,Yes,Yes,No,3.8,primary1,1,Luo,Male
YA003,Yes,No,No,3.99,primary1,4,Luo,Male
YA004,No,No,Yes,2.675,secondary,2,Luo,Male
YA005,Yes,Yes,No,2.95,secondary,5,Luo,Male
YA046,No,No,No,0,none,1,Luo,Female
EY080,No,Yes,Yes,3.7,secondary,2,Other,Male
EY066,No,No,No,3.95,secondary,1,Other,Female
EY067,No,No,No,4.43,primary2,3,Other,Male
EY069,Yes,No,No,3.795,primary2,2,Other,Male
EY070,Yes,Yes,No,4.85,secondary,2,Other,Male
EY065,Yes,No,No,4.55,secondary,2,Other,Male
EY071,Yes,No,No,1.915,primary2,2,Other,Male
EY072,Yes,No,No,3.55,none,5,Other,Male
EY076,Yes,Yes,No,3.64,secondary,2,Other,Male
EY078,Yes,No,Yes,1.75,primary1,3,Other,Male
EY081,Yes,No,No,4.85,secondary,2,Other,Male
EY064,Yes,Yes,No,3.99,primary1,3,Other,Male
EY077,Yes,No,No,1.55,none,2,Other,Male
EY063,Yes,No,No,1.875,none,2,Other,Male
EY144,No,Yes,No,1.837,primary2,3,Other,Male
EY143,No,No,No,3.07,primary2,2,Other,Male
EY142,No,No,No,2.475,primary1,2,Other,Male
EY140,No,No,No,0.55,none,2,Other,Male
EY139,No,No,No,1.835,primary1,2,Other,Male
EY138,No,No,No,2.55,none,2,Other,Male
EY128,No,No,Yes,3.25,none,2,Other,Male
EY082,No,No,No,3.7,secondary,2,Other,Male
EY126,No,No,No,3.095,primary2,2,Other,Male
EY096,No,Yes,No,1,none,4,Other,Female
EY124,No,No,No,3.835,primary1,2,Other,Male
EY123,No,No,No,0.52,primary2,2,Other,Male
EY127,No,No,No,3.88,primary2,2,Other,Male
EY097,No,No,No,4.13,primary2,2,Other,Male
EY114,No,No,Yes,1.95,secondary,2,Other,Male
EY113,No,No,No,1.835,primary1,2,Other,Male
EY110,No,No,No,1.36,none,1,Other,Male
EY109,No,No,No,4.55,secondary,2,Other,Male
EY108,No,No,No,0.555,primary2,2,Other,Male
EY107,No,No,No,4.37,primary2,2,Other,Male
EY105,Yes,No,No,4.55,secondary,2,Other,Male
EY104,No,No,No,2.07,primary2,2,Other,Female
EY102,No,No,No,0.75,primary1,2,Other,Male
EY101,No,Yes,No,1.155,primary2,2,Other,Male
EY100,No,No,No,1.19,primary2,2,Other,Male
EY094,No,No,No,2.83,primary2,2,Other,Male
EY083,Yes,No,No,1.475,primary1,1,Other,Male
EY057,Yes,Yes,No,1.555,primary2,6+,Other,Male
EY095,Yes,No,No,2.155,primary2,2,Other,Male
EY122,No,No,No,2.64,primary2,2,Other,Male
EY093,No,No,No,2.45,none,1,Other,Female
EY092,Yes,No,No,0,none,1,Other,Male
EY091,No,No,No,0.169,other,1,Other,Female
EY090,No,No,No,1.555,primary2,2,Other,Male
EY089,No,No,No,2.83,primary2,1,Other,Male
EY088,No,No,No,1.75,primary1,5,Other,Female
EY087,Yes,No,No,4.15,none,1,Other,Male
EY085,Yes,No,No,1.555,primary2,2,Other,Male
EY084,Yes,No,Yes,4.035,secondary,6+,Other,Male
EY099,Yes,No,Yes,1.15,none,2,Other,Male
EY016,Yes,No,No,1.83,primary2,2,Other,Male
EY034,Yes,Yes,Yes,2.55,secondary,6+,Other,Male
EY059,No,No,No,1.91,none,4,Other,Female
EY032,Yes,No,No,4.155,primary2,4,Other,Male
EY031,Yes,Yes,Yes,4.55,secondary,6+,Other,Female
EY030,Yes,No,No,1.515,none,4,Other,Female
EY028,Yes,Yes,Yes,4.11,secondary,4,Other,Male
EY026,Yes,No,No,4.305,primary2,,Other,Male
EY025,Yes,No,Yes,4.7,primary1,4,Other,Male
EY023,Yes,No,No,3.24,none,2,Other,Female
EY022,No,No,No,1.99,primary1,6+,Other,Male
EY021,Yes,No,Yes,3.28,primary2,2,Other,Male
EY020,No,Yes,Yes,3.35,primary1,6+,Other,Male
EY118,No,No,No,2.83,primary2,1,Other,Male
EY008,No,No,No,2.41,primary1,6+,Other,Male
EY001,Yes,No,Yes,3.95,secondary,2,Other,Female
EY002,Yes,No,No,1.28,primary2,2,Other,Male
EY003,No,No,No,1.95,secondary,3,Other,Female
EY004,No,No,No,3.75,primary1,6+,Other,Male
EY005,Yes,Yes,Yes,1.75,primary1,,Other,Male
EY019,No,No,No,2.631,primary2,2,Other,Male
EY007,No,No,No,0.835,primary1,2,Other,Male
EY017,Yes,No,No,0.498,other,3,Other,Male
EY009,No,No,No,3.49,secondary,2,Other,Male
EY010,Yes,No,No,0.44,primary1,6+,Other,Female
EY011,Yes,No,Yes,1.705,primary2,2,Other,Female
EY012,Yes,No,No,3.835,secondary,6+,Other,Male
EY015,Yes,No,No,4,secondary,2,Other,Male
EY035,Yes,Yes,Yes,3.555,primary2,3,Other,Male
EY006,Yes,No,No,3.2,primary1,1,Other,Female
EY049,Yes,Yes,Yes,1.6,none,5,Other,Female
EY055,Yes,Yes,Yes,3.64,primary2,5,Other,Female
EY053,Yes,No,No,1.75,primary1,6+,Other,Male
EY052,Yes,No,No,3.7,secondary,2,Other,Male
EY051,No,No,Yes,3.83,primary2,2,Other,Male
EY033,Yes,No,No,3.56,primary1,2,Other,Male
EY115,No,No,No,1.35,primary1,2,Other,Male
EY036,Yes,No,No,2.43,primary2,6+,Other,Female
EY117,No,No,No,3.455,primary2,2,Other,Male
EY060,No,No,No,3.6,none,2,Other,Male
EY061,Yes,No,No,3.28,primary2,2,Other,Male
EY050,Yes,No,No,3.76,secondary,2,Other,Male
EY048,Yes,Yes,No,1.675,secondary,2,Other,Male
EY047,Yes,No,No,1.79,none,4,Other,Female
EY046,No,No,No,3.88,primary2,2,Other,Male
EY045,No,Yes,No,4.35,primary1,4,Other,Male
EY044,No,No,No,1.6,none,3,Other,Male
EY043,No,No,No,1.555,primary2,2,Other,Female
EY042,Yes,Yes,No,4.07,primary2,4,Other,Male
EY040,Yes,Yes,No,4.215,primary2,2,Other,Male
EY039,Yes,Yes,No,1.95,secondary,6+,Other,Male
EY038,No,Yes,Yes,4.11,primary1,5,Other,Female
EY058,No,No,No,3.83,primary2,1,Other,Female
